,name,email,title,domain,logo,product_description,user_company,user_email,user_first_name,user_last_name,sources,image,subject,email_content,critique,message,number_of_revisions,merged_logos
0,Mark Morrison,mark.morrison@nvidia.com,Marketing Coordinator,nvidia.com,https://images.unsplash.com/photo-1542281286-9e0a16bb7366?ixid=MnwxMjA3fDB8MHxzZWFyY2h8Mnx8bmV3c3BhcGVyJTIwbmV3c3BhcGVyJTIwYXJ0aWNsZXxlbnwwfHwwfHw%3D&ixlib=rb-1.2.1&w=1000&q=80,asdasd,HubsSpot,mayzisbrod@gmail.com,May,Zisbrod,"[{'url': 'https://www.pcgamer.com/hardware/processors/scammers-have-resorted-to-selling-cpus-without-dies-as-a-well-known-korean-overclocker-has-discovered', 'published date': 'Mon, 06 May 2024 04:54:25 GMT', 'title': 'Scammers have resorted to selling CPUs without dies, as a well-known Korean overclocker has discovered - PC Gamer', 'content': ""The tech I'm most psyched to see this year is anything but traditional PC silicon, and certainly isn't x86 Early benchmark suggests Intel's Battlemage GPU in Lunar Lake has lots of low-power promise Sony backs down on demand that Helldivers 2 players log into a PSN account PC Gamer is part of Future US Inc, an international media group and leading digital publisher. Overclockers are always on the hunt for golden CPUs, and in this case, Safedisk likely thought this was a good opportunity to grab a chip on the cheap on the off chance that it was a gem. I'm pretty sure the fine print of Intel's CPU warranty allows you to actually use the product, but 10 points are awarded to the scammer for the creative dissuasion. HKEPC (via Tom's Hardware) reports that Safedisk, one of the world's premier overclockers, fell victim to a scam where he bought a Core i9 14900K that wasn't what it appeared to be. It was at that point that Safedisk removed the heat spreader from the mysterious non-booting CPU and discovered a vacant space where the silicon die was supposed to reside."", 'score': 0.761899471282959}, {'url': 'https://www.pcgamer.com/hardware/processors/scammers-have-resorted-to-selling-cpus-without-dies-as-a-well-known-korean-overclocker-has-discovered/', 'published date': 'Mon, 06 May 2024 04:54:25 GMT', 'title': 'Scammers have resorted to selling CPUs without dies, as a well-known Korean overclocker has discovered - PC Gamer', 'content': ""The tech I'm most psyched to see this year is anything but traditional PC silicon, and certainly isn't x86 Early benchmark suggests Intel's Battlemage GPU in Lunar Lake has lots of low-power promise Sony backs down on demand that Helldivers 2 players log into a PSN account PC Gamer is part of Future US Inc, an international media group and leading digital publisher. Overclockers are always on the hunt for golden CPUs, and in this case, Safedisk likely thought this was a good opportunity to grab a chip on the cheap on the off chance that it was a gem. I'm pretty sure the fine print of Intel's CPU warranty allows you to actually use the product, but 10 points are awarded to the scammer for the creative dissuasion. HKEPC (via Tom's Hardware) reports that Safedisk, one of the world's premier overclockers, fell victim to a scam where he bought a Core i9 14900K that wasn't what it appeared to be. It was at that point that Safedisk removed the heat spreader from the mysterious non-booting CPU and discovered a vacant space where the silicon die was supposed to reside."", 'score': 0.7618864178657532}, {'url': 'https://www.pcgamer.com/hardware/processors/intel-pressures-all-motherboard-manufacturers-to-implement-default-power-settings-by-the-end-of-may/', 'published date': 'Tue, 07 May 2024 04:45:45 GMT', 'title': 'Intel pressures all motherboard manufacturers to implement default power settings by the end of May - PC Gamer', 'content': ""Scammers have resorted to selling CPUs without dies, as a well-known Korean overclocker has discovered The tech I'm most psyched to see this year is anything but traditional PC silicon, and certainly isn't x86 Today's Wordle answer for Tuesday, May 7 PC Gamer is part of Future US Inc, an international media group and leading digital publisher. Still, that won't stop myself and others from testing both the default baseline profile alongside the previous 'default' settings that nearly all LGA 1700 boards have been shipping with for the last two and a half years.  Comic deals, prizes and latest news Sign up to get the best content of the week, and great gaming deals, as picked by the editors.  Of course, there's no way Intel can force BIOS updates onto systems out in the wild, so this will presumably affect motherboards shipping from this date, while BIOS updates posted on support pages after May 31 will have the baseline profile enabled by default.  The i9 13900K, i9 14900K and their KS counterparts are far more likely to experience these issues than i5 and i7 SKUs, and these issues have been narrowed down to what can essentially be termed as unstable automatic overclocking."", 'score': 0.7575225830078125}, {'url': 'https://finance.yahoo.com/news/nvidia-missing-strong-season-ai-120442957.html', 'published date': 'Mon, 06 May 2024 13:46:47 GMT', 'title': 'Nvidia Is Missing Link in a Strong Season of AI Earnings Reports - Yahoo Finance', 'content': 'Earnings Due Monday Premarket Model N Postmarket Palantir Lucid Microchip Coherent Corp Fabrinet Varonis Systems Teradata Lumentum Zeta Ultra Clean SEMrush Matterport Adeia Inc Adtran Holdings (Updates stock move at market open.)  There’s just one missing piece: Nvidia Corp. Most Read from Bloomberg Truce Talks Drag as Hamas Hits Israel Crossing in Deadly Attack At $2 Million Per Minute, Treasuries Mint Cash Like Never Before Judge Threatens Trump With Jail Over Gag Order Violations Treasury Rally Risks Running Into a $125 Billion Brick Wall Buffett Praises Apple After Trimming It, Drops Paramount Stake The company, whose dominance in chips that do the heavy lifting for AI computing have made it the focal point in a market captivated by the burgeoning technology, isn’t due to report earnings until May 22.  Most Read from Bloomberg Businessweek Chris Dixon’s Campaign to Overhaul Crypto’s Grifty Reputation The State of Crypto Is Anything But Strong Why Banks These Days Are So Excited About Being Boring AI Is Helping Automate One of the World’s Most Gruesome Jobs Will GM Regret Kicking Apple CarPlay off the Dashboard?  News Life Entertainment Finance Sports New on Yahoo Yahoo Finance Nvidia Is Missing Link in a Strong Season of AI Earnings Reports (Bloomberg) -- The trouble is that the results have had difficulty moving the needle for stocks after a rally that’s lifted the tech-heavy Nasdaq 100 Stock Index by more than 35% over the past 12 months.', 'score': 0.752358078956604}, {'url': 'https://www.kotaku.com.au/2024/05/its-not-just-you-pokemon-go-update-has-broken-curveball-throws/', 'published date': 'Tue, 07 May 2024 04:00:00 GMT', 'title': ""It's Not Just You: Pokémon GO Update Has Broken Curveball Throws - Kotaku Australia"", 'content': 'If You’re Over The NBN Big W’s Sale On Lenovo Legion Go Might Be Worth Ditching The Steam Deck For [Update: Now Even Cheaper] JB Hi-Fi Sale Gaming Deals: Our Top Picks The Best Gaming Deals In Australia Today JB Hi-Fi Drops Mega ROG Ally Sale, Steam Deck Be Damned  Follow us, subscribe and get in touch Recent Posts Everything We Know About The Nintendo Switch 2 Nintendo Switch 2 Will Finally Be Revealed This Year The Best USB Hubs To Keep Your Desk Free Of Stray Wires Summer Game Fest 2024: Δ By subscribing you agree to our Terms of Use and Privacy Policy.  Required fields are marked * Comment * Name * Email * Website Δ © 2007 – 2024 Pedestrian Group THIS STORY GET OUR NEWSLETTER Subscribe Comments Leave a Reply Cancel reply Your email address will not be published.', 'score': 0.7468011379241943}]",https://logodownload.org/wp-content/uploads/2014/09/nvidia-logo-0.png,Empower Your Security with NVIDIA,"<p>Dear Mark Morrison,</p>
<p>In the rapidly evolving tech landscape, staying ahead of vulnerabilities is paramount. A recent <a href='https://www.pcgamer.com/hardware/processors/scammers-have-resorted-to-selling-cpus-without-dies-as-a-well-known-korean-overclocker-has-discovered'>incident reported by PC Gamer</a> highlights the critical need for robust hardware verification to combat scammers. At NVIDIA, your role places you at the forefront of this challenge.</p>
<p>NVIDIA's innovative technology is not just driving progress but also fortifying security to protect against hardware scams. By showcasing NVIDIA's dedication to authenticity and security, you can reassure your clients and distinguish NVIDIA in the competitive tech arena.</p>
<p>I believe in our potential collaboration to emphasize NVIDIA's commitment to integrity and reliability, ensuring the security of your customers' investments.</p>
<p>Warm regards,</p>
<p>May Zisbrod<br>HubsSpot</p>",,"The edits made aim to create a more engaging and concise message by removing redundant phrases and focusing on the call to action. The subject line was simplified to be more direct and appealing. The body was adjusted for clarity, with emphasis on collaboration and the benefits of NVIDIA's technology in enhancing security against hardware scams.",1,outputs/run_1715126668/composite_Marketing_Coordinator.png
1,Christopher Martinez,christopher.martinez@betamarketing.com,Social Media Specialist,betamarketing.com,https://images.unsplash.com/photo-1542281286-9e0a16bb7366?ixid=MnwxMjA3fDB8MHxzZWFyY2h8Mnx8bmV3c3BhcGVyJTIwbmV3c3BhcGVyJTIwYXJ0aWNsZXxlbnwwfHwwfHw%3D&ixlib=rb-1.2.1&w=1000&q=80,asdasd,HubsSpot,mayzisbrod@gmail.com,May,Zisbrod,"[{'url': 'https://searchengineland.com/doj-google-search-ad-price-manipulation-440207', 'published date': 'Mon, 06 May 2024 16:03:00 GMT', 'title': 'How Google harms search advertisers in 20 slides - Search Engine Land', 'content': 'April 15-17, 2020: San Jose What is PPC – Pay-Per-Click marketing? 5 ways to get PPC and SEO working together Google Analytics 4 guide for PPC Data Driven Decisions: The Future of First-Party Data and Why It Will Be Critical Turn Data into Meaningful Customer Moments Achieving Compliance Excellence: Your Path to Marketing Success Marketing Attribution and Performance Management Platforms: A Marketer’s Guide Enterprise Customer Experience Management Platforms: A Marketer’s Guide Marketing Work Management Platforms: A Marketer’s Guide 2024 State of Loyalty Report Meet your new AI-powered marketing assistant!  The DOJ called it “manipulating.” Format pricing, squashing and RGSP are three things harming advertisers, according to the DOJ: Format pricing Squashing RGSP Search Query Reports The lack of query visibility also harms advertisers, according to the DOJ. Closing Deck: Search Advertising: U.S. and Plaintiff States v. Google LLC (PDF) Related stories New on Search Engine Land About the author Related topics Get the daily newsletter search marketers rely on.  Other slides from the deck the DOJ used to make its case: Advertiser harm Google has the power to raise prices when it desires to do so, according to the DOJ. sel logo Search Engine Land » PPC » How Google harms search advertisers in 20 slides How Google harms search advertisers in 20 slides ', 'score': 0.758018434047699}, {'url': 'https://en.news4social.com/cryptocurrency-news/as-marathon-digital-joins-sp-smallcap-600-shares-surge-18/', 'published date': 'Tue, 07 May 2024 12:15:09 GMT', 'title': 'As Marathon Digital Joins S&P SmallCap 600, Shares Surge 18% - News 4 Social English', 'content': 'Another Steady Increase We bring you the best Premium WordPress Themes that perfect for news, magazine, personal blog, etc. Follow us on social media: Recent News Category Recent News Dogecoin Not Your Route to Rich in 2024; Invest in $XUIRIN for Big Gains The Most recent | Israeli military services seizes the Gaza side of the Rafah border crossing with Egypt  As Marathon Digital joins S&P SmallCap 600, shares surge 18% As Marathon Digital joins S&P SmallCap 600, shares surge 18% Quick Take Marathon Digital Holdings Inc. (MARA), the largest Bitcoin mining company in terms of market cap, is set to join the S&P SmallCap 600 index, effective before the opening of trading on May 8. Check More Latest Cryptocurrency News Click Here– Latest Cryptocurrency News Check More Business News Click Here– Latest Business News Quick Take Marathon Digital Holdings Inc. (MARA), the largest Bitcoin mining company in terms of market cap, is set to join the S&P SmallCap 600 index, effective before the opening of trading on May 8. Check More Latest Cryptocurrency News Click Here– Latest Cryptocurrency News Check More Business News Click Here– Latest Business News Get real time update about this post categories directly on your device, subscribe now.  Cryptocurrency News Related Posts Dogecoin Not Your Route to Rich in 2024; Invest in $XUIRIN for Big Gains Earning $1000 Daily at Home Using a Cryptocurrency Mining Platform (Passive Income) XRP Price Prediction – Can 100 SMA Trigger', 'score': 0.7540695071220398}, {'url': 'https://www.prnewswire.com/news-releases/shareholder-alert-pomerantz-law-firm-investigates-claims-on-behalf-of-investors-of-vestis-corporation---vsts-302138663.html', 'published date': 'Tue, 07 May 2024 18:30:00 GMT', 'title': 'SHAREHOLDER ALERT: Pomerantz Law Firm Investigates Claims On Behalf of Investors of Vestis Corporation - VSTS - PR Newswire', 'content': 'Searching for your content... Browse News Releases News Releases Overview Multimedia Gallery Multimedia Gallery Overview Trending Topics Auto & Transportation Auto & Transportation Overview View All Auto & Transportation Business Technology Business Technology Overview View All Business Technology Entertain\xadment & Media Entertain\xadment & Media Overview View All Entertain\xadment & Media Financial Services & Investing Financial Services & Investing Overview View All Financial Services & Investing General Business General Business Overview View All General Business Consumer Technology Consumer Technology Overview View All Consumer Technology Energy & Natural Resources Energy & Natural Resources Overview View All Energy & Natural Resources Environ\xadment Environ\xadment Overview View All Environ\xadment Heavy Industry & Manufacturing Heavy Industry & Manufacturing Overview View All Heavy Industry & Manufacturing  Telecomm\xadunications Telecomm\xadunications Overview View All Telecomm\xadunications Consumer Products & Retail Consumer Products & Retail Overview View All Consumer Products & Retail Entertain\xadment & Media Entertain\xadment & Media Overview View All Entertain\xadment & Media Health Health Overview View All Health Sports Sports Overview View All Sports Travel Travel Overview View All Travel Policy & Public Interest Policy & Public Interest Overview View All Policy & Public Interest People & Culture People & Culture Overview View All People & Culture In-Language News Contact Us 888-776-0942 from 8 AM - 10 PM ET SHAREHOLDER ALERT: Such investors... Explore Banking & Financial Services Contact PR Newswire Products About My Services Contact PR Newswire Products About 7980 SOURCE Pomerantz LLP Modal title Also from this source SHAREHOLDER ALERT: Pomerantz Law Firm Investigates Claims On Behalf of Investors of Integral Ad Science Holding Corp. - IAS Pomerantz LLP is investigating claims on behalf of investors of Integral Ad Science Holding Corp. (""IAS"" or the ""Company"") (NASDAQ: IAS). Pomerantz Law Firm Investigates Claims On Behalf of Investors of Vestis Corporation - VSTS News provided by May 07, 2024, 14:30 ET Share this article ', 'score': 0.7459876537322998}, {'url': 'https://www.reformer.com/news/national/asian-markets-build-on-rally-as-us-jobs-data-boost-rate-cut-hopes/article_823dc77d-6c5b-5b6e-ab28-9809e99a0e03.html', 'published date': 'Mon, 06 May 2024 03:21:19 GMT', 'title': 'Asian markets build on rally as US jobs data boost rate cut hopes - Brattleboro Reformer', 'content': 'Local Business News Casella\'s construction plans move forward BRATTLEBORO\xa0— Casella Waste Management received local approval to demolish a transfer and storage building then construct a new transfer facil… \'A global destination\': Vermont\'s tourism celebrated by Legislature MONTPELIER\xa0— Pointing at several pieces of data, lawmakers applauded what they called the ""strong and positive impact of tourism on Vermont’s … Infrared heat yoga studio finds new home at Heart Rose Club BRATTLEBORO\xa0— After a hiatus, Kristin Cassidy has brought her infrared heat yoga classes back to the community.  Updated: May 6, 2024 @ 4:22 am Asian markets build on rally as US jobs data boost rate cut hopes Mainland Chinese markets rose as they returned from a break, helped by hopes for government support for the property sector and economy Most Asian markets rose Monday after data showing fewer US jobs were created last month rekindled optimism interest rates will be cut this year, while mainland Chinese equities bounced on hopes for fresh government economic support.  As a Nordic adventure ends, another begins Through their nearly 50 years of stewardship at Viking Nordic Center, Dana and Malcolm McNair have become more iconic than Viking\'s eponymous … Elliott Greenblott | Fraud Watch: Beware the eclipse scammers April 8 provides northern New England with a rare treat as the “path of totality” for a solar eclipse that will pass over the region. A tech rally saw the Nasdaq lead Wall Street up after Friday\'s non-farm payrolls figures, which helped soothe concerns that forecast-busting inflation figures at the start of the year meant the Federal Reserve would keep borrowing costs at two-decade highs for an extended period.  The Quality local journalism needs your support Access this story and all of our stories with 24/7 unlimited access. Subscribe today.', 'score': 0.7368160486221313}, {'url': 'https://www.cnn.com/2024/05/06/investing/trump-media-fires-accounting-firm/index.html', 'published date': 'Mon, 06 May 2024 12:41:00 GMT', 'title': 'Trump Media fires accounting firm after old one accused of being a ‘sham audit mill’ - CNN', 'content': 'CNN values your feedback Markets Hot Stocks Fear & Greed Index Latest Market News Hot Stocks Trump Media fires accounting firm after old one accused of being a ‘sham audit mill’ Follow: Truth Social owner Trump Media & Technology Group announced Monday it fired BF Borgers after US regulators accused the accounting firm of “massive fraud.”  That was the same day the Securities and Exchange Commission\xa0charged BF Borgers and its owner with widespread fraud\xa0and accused it of\xa0operating a “sham audit mill.”  The Dow Jones branded indices are proprietary to and are calculated, distributed and marketed by DJI Opco, a subsidiary of S&P Dow Jones Indices LLC and have been licensed for use to S&P Opco, LLC and CNN. In the filing, Trump Media said BF Borgers’ audit reports on the company’s financial statements for 2022 and 2023 did not contain an adverse opinion and there were no disagreements over accounting matters.  Standard & Poor’s and S&P are registered trademarks of Standard & Poor’s Financial Services LLC and Dow Jones is a registered trademark of Dow Jones Trademark Holdings LLC.', 'score': 0.7352604269981384}]","https://static.wixstatic.com/media/dd7576_76ec3319a1e44abbb8a75433943faa18~mv2.jpg/v1/fill/w_1287,h_732,al_c/dd7576_76ec3319a1e44abbb8a75433943faa18~mv2.jpg",Boost Your Social Media Game with Our Latest Insights,"<p>Hello Christopher,</p>
<p>I trust you're doing great. I've recently unearthed some groundbreaking insights that could revolutionize our social media approach. Your role as a Social Media Specialist at BetaMarketing positions you perfectly to benefit from these discoveries.</p>
<p>Emphasizing the importance of first-party data and AI tools can transform customer engagement, compliance, and operational efficiency. These cutting-edge strategies are what our product excels at, offering you the edge needed in today's competitive market.</p>
<p>Let's chat about incorporating these advancements into BetaMarketing's strategy for growth beyond expectations.</p>
<p>Excited to hear your thoughts.</p>
<p>Best,<br>May Zisbrod<br>HubsSpot</p>",,"The email was edited for brevity and impact, focusing on a more conversational tone to enhance engagement. Technical jargon was minimized to make the message clearer and more direct. The call to action was made more compelling and specific, inviting a conversation rather than a passive agreement. This approach aims to make the email more accessible and actionable for the recipient.",1,outputs/run_1715126668/composite_Social_Media_Specialist.png
2,Joanne Lee,joanne.lee@gammasolutions.com,SEO Specialist,gammasolutions.com,https://images.unsplash.com/photo-1542281286-9e0a16bb7366?ixid=MnwxMjA3fDB8MHxzZWFyY2h8Mnx8bmV3c3BhcGVyJTIwbmV3c3BhcGVyJTIwYXJ0aWNsZXxlbnwwfHwwfHw%3D&ixlib=rb-1.2.1&w=1000&q=80,asdasd,HubsSpot,mayzisbrod@gmail.com,May,Zisbrod,"[{'url': 'https://www.prnewswire.com/news-releases/the-gross-law-firm-notifies-shareholders-of-ast-spacemobile-incasts-of-a-class-action-lawsuit-and-an-upcoming-deadline-302137635.html', 'published date': 'Tue, 07 May 2024 09:55:00 GMT', 'title': 'The Gross Law Firm Notifies Shareholders of AST SpaceMobile, Inc.(ASTS) of a Class Action Lawsuit and an ... - PR Newswire', 'content': ""Searching for your content... Browse News Releases News Releases Overview Multimedia Gallery Multimedia Gallery Overview Trending Topics Auto & Transportation Auto & Transportation Overview View All Auto & Transportation Business Technology Business Technology Overview View All Business Technology Entertain\xadment & Media Entertain\xadment & Media Overview View All Entertain\xadment & Media Financial Services & Investing Financial Services & Investing Overview View All Financial Services & Investing General Business General Business Overview View All General Business Consumer Technology Consumer Technology Overview View All Consumer Technology Energy & Natural Resources Energy & Natural Resources Overview View All Energy & Natural Resources Environ\xadment Environ\xadment Overview View All Environ\xadment Heavy Industry & Manufacturing Heavy Industry & Manufacturing Overview View All Heavy Industry & Manufacturing  Telecomm\xadunications Telecomm\xadunications Overview View All Telecomm\xadunications Consumer Products & Retail Consumer Products & Retail Overview View All Consumer Products & Retail Entertain\xadment & Media Entertain\xadment & Media Overview View All Entertain\xadment & Media Health Health Overview View All Health Sports Sports Overview View All Sports Travel Travel Overview View All Travel Policy & Public Interest Policy & Public Interest Overview View All Policy & Public Interest People & Culture People & Culture Overview View All People & Culture In-Language News Contact Us 888-776-0942 from 8 AM - 10 PM ET The Gross Law Firm Notifies Shareholders of AST SpaceMobile, Inc.(ASTS) of a Class Action Lawsuit and an Upcoming Deadline News provided by May 07, 2024, 05:55 ET Share this article  The Gross Law Firm15 West 38th Street, 12th floorNew York, NY, 10018Email: [email\xa0protected]\xa0Phone: (646) 453-8903 SOURCE The Gross Law Firm Modal title Also from this source Investors in Perion Network Ltd. Should Contact The Gross Law Firm Before June 17, 2024 to Discuss Your Rights - PERI The Gross Law Firm issues the following notice to shareholders of Perion Network Ltd. (NASDAQ: PERI). The complaint alleges that during the class period, Defendants issued materially false and/or misleading statements and/or failed to disclose that: (1) production of the Company's five first generation of commercial satellites, Block 1 BlueBird satellites, had been negatively impacted by two suppliers of key subsystems; (2) a result, the Company had not substantially completed the production of the Block 1 BlueBird satellites; (3)\xa0 as a result, the Company's five Block 1 BlueBird satellites were not on track to launch in the first quarter of 2024; and (4) as a result of the foregoing, defendants' positive statements about the Company's business, operations, and prospects were materially misleading and/or lacked a reasonable basis.  Shareholders who purchased shares... Contact PR Newswire Products About My Services Contact PR Newswire Products About"", 'score': 0.745694637298584}, {'url': 'https://www.greentechlead.com/renewable-energy/investment-in-manufacturing-of-clean-energy-technologies-reaches-200-bn-iea-46586', 'published date': 'Mon, 06 May 2024 11:20:09 GMT', 'title': 'Investment in manufacturing of clean energy technologies reaches $200 bn: IEA - Greentech Lead', 'content': 'Latest News AES revenue drops in first-quarter despite growth in renewables Exxon Mobil Receives OK for $60 bn deal to buy Pioneer Amidst Allegations of Collusion First Solar hikes Capex for solar module capacity expansion Orsted revenue drops 25% to DKK 19.2 bn in first-quarter Vestas reports 5.2% drop in revenue to EUR 2.68 bn in first-quarter AES revenue drops in first-quarter despite growth in renewables Orsted revenue drops 25% to DKK 19.2 bn in first-quarter Brookfield and Microsoft\xa0to develop 10.5 GW of renewable energy costing $10 bn energyRe secures financing for Lone Star Solar project and BESS in South Carolina ENGIE to acquire Orsted’s onshore wind and solar business in France Exxon Mobil says it achieved 60% cut in methane emissions Will Chevron reveal returns from investment in renewables?  Investment in manufacturing of clean energy technologies reaches $200 bn: IEA By Editor Share Investment in manufacturing of the five clean energy technologies has reached $200 billion in 2023 from $115 billion in 2022, showing growth of more than 70 percent, says IEA (International Energy Agency).  Facilities in the United States and Europe are typically 70 percent to 130 percent more expensive per unit of output capacity than those in China for solar PV, wind and battery manufacturing, before accounting for the difference in the cost of capital between regions.  China accounted for three-quarters of global investments in clean technology manufacturing in 2023, down from 85 percent in 2022, as investment in the United States and Europe grew strongly – particularly for battery manufacturing, for which investments more than tripled in these regions.  GE Vernova sales grow 6% to $7.26 bn in first-quarter News on solar, wind, power, smart grid, renewable energy Links Trending Arcadia Secures Growth Funding to Expand Community Solar Program and AI Innovation GameChange Solar Forges Partnership for Solar Tracker Manufacturing in Middle East GE Vernova Unveils GridOS Data Fabric for Smarter Grid Orchestration Categories', 'score': 0.7403555512428284}, {'url': 'https://www.prnewswire.com/news-releases/shareholder-alert-pomerantz-law-firm-investigates-claims-on-behalf-of-investors-of-abeona-therapeutics-inc---abeo-302137290.html', 'published date': 'Mon, 06 May 2024 22:37:00 GMT', 'title': 'SHAREHOLDER ALERT: Pomerantz Law Firm Investigates Claims on Behalf of Investors of Abeona Therapeutics Inc ... - PR Newswire', 'content': 'Searching for your content... Browse News Releases News Releases Overview Multimedia Gallery Multimedia Gallery Overview Trending Topics Auto & Transportation Auto & Transportation Overview View All Auto & Transportation Business Technology Business Technology Overview View All Business Technology Entertain\xadment & Media Entertain\xadment & Media Overview View All Entertain\xadment & Media Financial Services & Investing Financial Services & Investing Overview View All Financial Services & Investing General Business General Business Overview View All General Business Consumer Technology Consumer Technology Overview View All Consumer Technology Energy & Natural Resources Energy & Natural Resources Overview View All Energy & Natural Resources Environ\xadment Environ\xadment Overview View All Environ\xadment Heavy Industry & Manufacturing Heavy Industry & Manufacturing Overview View All Heavy Industry & Manufacturing  Telecomm\xadunications Telecomm\xadunications Overview View All Telecomm\xadunications Consumer Products & Retail Consumer Products & Retail Overview View All Consumer Products & Retail Entertain\xadment & Media Entertain\xadment & Media Overview View All Entertain\xadment & Media Health Health Overview View All Health Sports Sports Overview View All Sports Travel Travel Overview View All Travel Policy & Public Interest Policy & Public Interest Overview View All Policy & Public Interest People & Culture People & Culture Overview View All People & Culture In-Language News Contact Us 888-776-0942 from 8 AM - 10 PM ET SHAREHOLDER ALERT: 7980 SOURCE Pomerantz LLP Modal title Also from this source SHAREHOLDER ALERT: Pomerantz Law Firm Investigates Claims on Behalf of Investors of Avid Bioservices, Inc. - CDMO Pomerantz LLP is investigating claims on behalf of investors of Avid Bioservices, Inc. (""Avid"" or the ""Company"") (NASDAQ: CDMO). Contact PR Newswire Products About My Services Contact PR Newswire Products About Pomerantz Law Firm Investigates Claims on Behalf of Investors of Abeona Therapeutics Inc. - ABEO News provided by May 06, 2024, 18:37 ET Share this article ', 'score': 0.7346393465995789}, {'url': 'https://www.prnewswire.com/news-releases/shareholder-alert-pomerantz-law-firm-investigates-claims-on-behalf-of-investors-of-avid-bioservices-inc---cdmo-302137281.html', 'published date': 'Mon, 06 May 2024 22:37:00 GMT', 'title': 'SHAREHOLDER ALERT: Pomerantz Law Firm Investigates Claims on Behalf of Investors of Avid Bioservices, Inc ... - PR Newswire', 'content': 'Searching for your content... Browse News Releases News Releases Overview Multimedia Gallery Multimedia Gallery Overview Trending Topics Auto & Transportation Auto & Transportation Overview View All Auto & Transportation Business Technology Business Technology Overview View All Business Technology Entertain\xadment & Media Entertain\xadment & Media Overview View All Entertain\xadment & Media Financial Services & Investing Financial Services & Investing Overview View All Financial Services & Investing General Business General Business Overview View All General Business Consumer Technology Consumer Technology Overview View All Consumer Technology Energy & Natural Resources Energy & Natural Resources Overview View All Energy & Natural Resources Environ\xadment Environ\xadment Overview View All Environ\xadment Heavy Industry & Manufacturing Heavy Industry & Manufacturing Overview View All Heavy Industry & Manufacturing  Telecomm\xadunications Telecomm\xadunications Overview View All Telecomm\xadunications Consumer Products & Retail Consumer Products & Retail Overview View All Consumer Products & Retail Entertain\xadment & Media Entertain\xadment & Media Overview View All Entertain\xadment & Media Health Health Overview View All Health Sports Sports Overview View All Sports Travel Travel Overview View All Travel Policy & Public Interest Policy & Public Interest Overview View All Policy & Public Interest People & Culture People & Culture Overview View All People & Culture In-Language News Contact Us 888-776-0942 from 8 AM - 10 PM ET SHAREHOLDER ALERT: 7980 SOURCE Pomerantz LLP Modal title Also from this source SHAREHOLDER ALERT: Pomerantz Law Firm Investigates Claims On Behalf of Investors of Reviva Pharmaceuticals Holdings, Inc. - RVPH Pomerantz LLP is investigating claims on behalf of investors of Reviva Pharmaceuticals Holdings, Inc. Such investors are advised to... Contact PR Newswire Products About My Services Contact PR Newswire Products About Pomerantz Law Firm Investigates Claims on Behalf of Investors of Avid Bioservices, Inc. - CDMO News provided by May 06, 2024, 18:37 ET Share this article ', 'score': 0.7303179502487183}, {'url': 'https://www.biospace.com/article/releases/gc-genome-to-present-new-clinical-data-on-colorectal-cancer-detection-at-the-asco-annual-meeting-2024/', 'published date': 'Tue, 07 May 2024 08:12:38 GMT', 'title': 'GC Genome to Present New Clinical Data on Colorectal Cancer Detection at the ASCO Annual Meeting 2024 - BioSpace', 'content': 'Investor/Media Contact GC Corp. Contacts (Media) Sohee Kim shkim20@gccorp.com Yelin Jun yelin@gccorp.com Rachel Kim rachel.kim@gccorp.com View original content to download multimedia:https://www.prnewswire.com/news-releases/gc-genome-to-present-new-clinical-data-on-colorectal-cancer-detection-at-the-asco-annual-meeting-2024-302137660.html SOURCE GC Genome Back to news Back to top © 1985 - 2024 BioSpace.com. Skip to main content Filter News GC Genome to Present New Clinical Data on Colorectal Cancer Detection at the ASCO Annual Meeting 2024 Published: May 07, 2024 YONGIN, South Korea, May 7, 2024 /PRNewswire/ -- GC Genome Corporation, a leading diagnostics company, today announced that it will present the new clinical data of its AI-based liquid biopsy platform on colorectal cancer detection at the 2024 American Society of Clinical Oncology (ASCO) Annual Meeting in Chicago, May 31–June 4. [About GC Genome] GC Genome is a leading diagnostics company that aims to connect the care and cure to the world by offering genetic diagnosis services for Oncology, Pre&Neonatal, Rare Diseases, and Health Check-ups and suggesting personalized treatment for longer and healthier lives. The Company was founded in 2022 through a strategic partnership with GC Genome, the genomics arm of GC Corporation, a leading life sciences company in South Korea. Genece focuses on the acute need for targeted screening and detection tools to support decision-making when a mass or lump is detected through imaging, empowering physicians to make informed decisions and improve care.', 'score': 0.7288124561309814}]",https://www.gammasolutions.com/wp-content/uploads/2022/09/gamma_tagline_logo_black.png,Boost Your SEO Game with Clean Energy Insights!,"<p>Hi Joanne,</p>
<p>Hope you're thriving! At GammaSolutions, your role is pivotal, and integrating the latest clean energy tech could supercharge your SEO strategy, especially now with the eco-conscious wave.</p>
<p>Did you know? There's been a 70% surge in clean energy investments in 2023, hitting $200 billion. This isn't just a wave; it's the future. And it's precisely what your audience craves.</p>
<p>Imagine positioning GammaSolutions as the go-to for sustainability in tech. Let's chat about weaving these insights into your content to spark real conversations and connect deeply with your audience.</p>
<p>Eager to hear your thoughts!</p>
<p>Warmest,<br>May Zisbrod<br>HubsSpot</p>",,"The email was edited for a more conversational and direct tone to better engage the recipient, Joanne. The opening was simplified for immediacy, and the discussion of the relevance of clean energy was made more direct to emphasize the potential benefits for GammaSolutions' SEO strategy and audience engagement. The call to action was also made more personal and inviting. This approach aims to enhance the email's impact and encourage a positive response.",1,outputs/run_1715126668/composite_SEO_Specialist.png
3,Jordan Holland,jordan.holland@alphatech.com,Marketing Manager,alphatech.com,https://images.unsplash.com/photo-1542281286-9e0a16bb7366?ixid=MnwxMjA3fDB8MHxzZWFyY2h8Mnx8bmV3c3BhcGVyJTIwbmV3c3BhcGVyJTIwYXJ0aWNsZXxlbnwwfHwwfHw%3D&ixlib=rb-1.2.1&w=1000&q=80,asdasd,HubsSpot,mayzisbrod@gmail.com,May,Zisbrod,"[{'url': 'https://www.prnewswire.com/news-releases/the-gross-law-firm-notifies-shareholders-of-ast-spacemobile-incasts-of-a-class-action-lawsuit-and-an-upcoming-deadline-302137635.html', 'published date': 'Tue, 07 May 2024 09:55:00 GMT', 'title': 'The Gross Law Firm Notifies Shareholders of AST SpaceMobile, Inc.(ASTS) of a Class Action Lawsuit and an ... - PR Newswire', 'content': ""Searching for your content... Browse News Releases News Releases Overview Multimedia Gallery Multimedia Gallery Overview Trending Topics Auto & Transportation Auto & Transportation Overview View All Auto & Transportation Business Technology Business Technology Overview View All Business Technology Entertain\xadment & Media Entertain\xadment & Media Overview View All Entertain\xadment & Media Financial Services & Investing Financial Services & Investing Overview View All Financial Services & Investing General Business General Business Overview View All General Business Consumer Technology Consumer Technology Overview View All Consumer Technology Energy & Natural Resources Energy & Natural Resources Overview View All Energy & Natural Resources Environ\xadment Environ\xadment Overview View All Environ\xadment Heavy Industry & Manufacturing Heavy Industry & Manufacturing Overview View All Heavy Industry & Manufacturing  Telecomm\xadunications Telecomm\xadunications Overview View All Telecomm\xadunications Consumer Products & Retail Consumer Products & Retail Overview View All Consumer Products & Retail Entertain\xadment & Media Entertain\xadment & Media Overview View All Entertain\xadment & Media Health Health Overview View All Health Sports Sports Overview View All Sports Travel Travel Overview View All Travel Policy & Public Interest Policy & Public Interest Overview View All Policy & Public Interest People & Culture People & Culture Overview View All People & Culture In-Language News Contact Us 888-776-0942 from 8 AM - 10 PM ET The Gross Law Firm Notifies Shareholders of AST SpaceMobile, Inc.(ASTS) of a Class Action Lawsuit and an Upcoming Deadline News provided by May 07, 2024, 05:55 ET Share this article  The Gross Law Firm15 West 38th Street, 12th floorNew York, NY, 10018Email: [email\xa0protected]\xa0Phone: (646) 453-8903 SOURCE The Gross Law Firm Modal title Also from this source Investors in Perion Network Ltd. Should Contact The Gross Law Firm Before June 17, 2024 to Discuss Your Rights - PERI The Gross Law Firm issues the following notice to shareholders of Perion Network Ltd. (NASDAQ: PERI). The complaint alleges that during the class period, Defendants issued materially false and/or misleading statements and/or failed to disclose that: (1) production of the Company's five first generation of commercial satellites, Block 1 BlueBird satellites, had been negatively impacted by two suppliers of key subsystems; (2) a result, the Company had not substantially completed the production of the Block 1 BlueBird satellites; (3)\xa0 as a result, the Company's five Block 1 BlueBird satellites were not on track to launch in the first quarter of 2024; and (4) as a result of the foregoing, defendants' positive statements about the Company's business, operations, and prospects were materially misleading and/or lacked a reasonable basis.  Shareholders who purchased shares... Contact PR Newswire Products About My Services Contact PR Newswire Products About"", 'score': 0.7548736333847046}, {'url': 'https://www.prnewswire.com/news-releases/shareholder-alert-pomerantz-law-firm-investigates-claims-on-behalf-of-investors-of-abeona-therapeutics-inc---abeo-302137290.html', 'published date': 'Mon, 06 May 2024 22:37:00 GMT', 'title': 'SHAREHOLDER ALERT: Pomerantz Law Firm Investigates Claims on Behalf of Investors of Abeona Therapeutics Inc ... - PR Newswire', 'content': 'Searching for your content... Browse News Releases News Releases Overview Multimedia Gallery Multimedia Gallery Overview Trending Topics Auto & Transportation Auto & Transportation Overview View All Auto & Transportation Business Technology Business Technology Overview View All Business Technology Entertain\xadment & Media Entertain\xadment & Media Overview View All Entertain\xadment & Media Financial Services & Investing Financial Services & Investing Overview View All Financial Services & Investing General Business General Business Overview View All General Business Consumer Technology Consumer Technology Overview View All Consumer Technology Energy & Natural Resources Energy & Natural Resources Overview View All Energy & Natural Resources Environ\xadment Environ\xadment Overview View All Environ\xadment Heavy Industry & Manufacturing Heavy Industry & Manufacturing Overview View All Heavy Industry & Manufacturing  Telecomm\xadunications Telecomm\xadunications Overview View All Telecomm\xadunications Consumer Products & Retail Consumer Products & Retail Overview View All Consumer Products & Retail Entertain\xadment & Media Entertain\xadment & Media Overview View All Entertain\xadment & Media Health Health Overview View All Health Sports Sports Overview View All Sports Travel Travel Overview View All Travel Policy & Public Interest Policy & Public Interest Overview View All Policy & Public Interest People & Culture People & Culture Overview View All People & Culture In-Language News Contact Us 888-776-0942 from 8 AM - 10 PM ET SHAREHOLDER ALERT: 7980 SOURCE Pomerantz LLP Modal title Also from this source SHAREHOLDER ALERT: Pomerantz Law Firm Investigates Claims on Behalf of Investors of Avid Bioservices, Inc. - CDMO Pomerantz LLP is investigating claims on behalf of investors of Avid Bioservices, Inc. (""Avid"" or the ""Company"") (NASDAQ: CDMO). Contact PR Newswire Products About My Services Contact PR Newswire Products About Pomerantz Law Firm Investigates Claims on Behalf of Investors of Abeona Therapeutics Inc. - ABEO News provided by May 06, 2024, 18:37 ET Share this article ', 'score': 0.7538529634475708}, {'url': 'https://abcnews.go.com/Business/wireStory/biocryst-pharmaceuticals-freshpet-rise-luminar-integra-fall-tuesday-109961612', 'published date': 'Mon, 06 May 2024 16:44:05 GMT', 'title': 'BioCryst Pharmaceuticals, Freshpet rise; Luminar, Integra fall, Tuesday, 5/6/2024 - ABC News', 'content': ""ABC News Video Live Shows Elections 538 Shop Stream on BioCryst Pharmaceuticals, Freshpet rise; Luminar, Integra fall, Tuesday, 5/6/2024 Stocks that are trading heavily or have substantial price changes on Monday: BioCryst Pharmaceuticals, Freshpet rise; Luminar, Integra fall Stocks that are trading heavily or have substantial price changes on Monday: Paramount Global (PARA), up 32 cents to $13.22.  Pastor credits divine intervention after man pulls gun on him in church Trump trial: Comptroller says Trump didn't direct him to set up hush money repayments Ex-Fulton County prosecutor Nathan Wade says 'day of reckoning' coming in Trump case Israel-Gaza live updates: Hamas says it has agreed to a cease-fire proposal Ex-Fulton County prosecutor Wade: 'Workplace romances are as American as apple pie' ABC News Live 24/7 coverage of breaking news and live events The owner of Paramount Pictures and CBS is reportedly considering a sale to Sony Pictures and Apollo Global Management. Vistra Corp. (VST), up 69 cents to $82.18.  The electricity company is being added to the S&P 500 index.  The maker of technology for self-driving vehicles is cutting 20% of its workforce. "", 'score': 0.7506321668624878}, {'url': 'https://www.prnewswire.com/news-releases/shareholder-alert-pomerantz-law-firm-investigates-claims-on-behalf-of-investors-of-avid-bioservices-inc---cdmo-302137281.html', 'published date': 'Mon, 06 May 2024 22:37:00 GMT', 'title': 'SHAREHOLDER ALERT: Pomerantz Law Firm Investigates Claims on Behalf of Investors of Avid Bioservices, Inc ... - PR Newswire', 'content': 'Searching for your content... Browse News Releases News Releases Overview Multimedia Gallery Multimedia Gallery Overview Trending Topics Auto & Transportation Auto & Transportation Overview View All Auto & Transportation Business Technology Business Technology Overview View All Business Technology Entertain\xadment & Media Entertain\xadment & Media Overview View All Entertain\xadment & Media Financial Services & Investing Financial Services & Investing Overview View All Financial Services & Investing General Business General Business Overview View All General Business Consumer Technology Consumer Technology Overview View All Consumer Technology Energy & Natural Resources Energy & Natural Resources Overview View All Energy & Natural Resources Environ\xadment Environ\xadment Overview View All Environ\xadment Heavy Industry & Manufacturing Heavy Industry & Manufacturing Overview View All Heavy Industry & Manufacturing  Telecomm\xadunications Telecomm\xadunications Overview View All Telecomm\xadunications Consumer Products & Retail Consumer Products & Retail Overview View All Consumer Products & Retail Entertain\xadment & Media Entertain\xadment & Media Overview View All Entertain\xadment & Media Health Health Overview View All Health Sports Sports Overview View All Sports Travel Travel Overview View All Travel Policy & Public Interest Policy & Public Interest Overview View All Policy & Public Interest People & Culture People & Culture Overview View All People & Culture In-Language News Contact Us 888-776-0942 from 8 AM - 10 PM ET SHAREHOLDER ALERT: 7980 SOURCE Pomerantz LLP Modal title Also from this source SHAREHOLDER ALERT: Pomerantz Law Firm Investigates Claims On Behalf of Investors of Reviva Pharmaceuticals Holdings, Inc. - RVPH Pomerantz LLP is investigating claims on behalf of investors of Reviva Pharmaceuticals Holdings, Inc. Such investors are advised to... Contact PR Newswire Products About My Services Contact PR Newswire Products About Pomerantz Law Firm Investigates Claims on Behalf of Investors of Avid Bioservices, Inc. - CDMO News provided by May 06, 2024, 18:37 ET Share this article ', 'score': 0.7482807040214539}, {'url': 'https://www.bloomberg.com/news/articles/2024-05-06/atos-receives-four-offers-to-rescue-the-business?srnd=all', 'published date': 'Mon, 06 May 2024 05:22:00 GMT', 'title': 'Atos (ATO PF) Receives Four Offers to Rescue the French Tech Company - Bloomberg', 'content': 'Bloomberg Connecting decision makers to a dynamic network of information, people and ideas, Bloomberg quickly and accurately delivers business and financial information, news and insight around the world For Customers Support Americas+1 212 318 2000 EMEA+44 20 7330 7500 Asia Pacific+65 6212 1000 Company Communications Follow Products Industry Products Media Media Services Company Communications Follow Products Industry Products Media Media Services Bloomberg Connecting decision makers to a dynamic network of information, people and ideas, Bloomberg quickly and accurately delivers business and financial information, news and insight around the world For Customers Support Americas+1 212 318 2000 EMEA+44 20 7330 7500 Asia Pacific+65 6212 1000 Billionaire Kretinsky, OnePoint Make Bailout Offers for Atos The Atos\xa0headquarters in Paris.  Embattled French tech company Atos SE has received offers to help bail out the company that will frame the discussions with its stakeholders around its restructuring.  David Layani’s OnePoint, a group of Atos creditors, private equity firm Bain Capital and billionaire Daniel Kretinsky alongside credit fund Attestor Ltd. submitted offers last week, the company said in a statementBloomberg Terminal on Monday. The company decided not to pursue discussions with Bain Capital because the private equity firm’s offer didn’t meet Atos’ objectives.', 'score': 0.7478756308555603}]",http://seeklogo.com/images/A/alphatech-logo-FBA64F34F1-seeklogo.com.gif,Elevate AlphaTech's Marketing Game with Cutting-Edge AI,"<p>Hi Jordan,</p><p>Hope you're doing fantastic! It's May Zisbrod from HubsSpot here. Watching AlphaTech's journey, I'm really excited about the innovative leaps you're achieving in tech. As the Marketing Manager spearheading AlphaTech's endeavors, I feel our cutting-edge AI and data analytics tool could be the perfect match for your vision.</p><p>This tool is engineered to enable teams like yours to launch personalized, impactful campaigns that truly connect with your audience. In today's fast-evolving market, gaining insights and staying adaptable is crucial, and that's where our solution shines.</p><p>Can we have a quick chat next week to explore how we can elevate AlphaTech's marketing strategies together?</p><p>Excited about the possibility,</p><p>May Zisbrod<br>HubsSpot</p>",,"The email was revised for a more concise and direct approach, aiming to engage Jordan more personally and effectively. The greeting was made more informal to enhance the personal touch. The explanation of the product's benefits was streamlined to emphasize its relevance to AlphaTech's goals more clearly. A more direct call to action was included to encourage a prompt response.",1,outputs/run_1715126668/composite_Marketing_Manager.png
